id;title;category;description;date;status
1;mobile Fish;Home Loan Account Table Computer;Trace;2019-11-03;true
2;alarm;Tasty Metal Bacon;red Chips Soap;2019-11-03;true
3;Grocery Home;Investment Account Steel;Coordinator;2019-11-03;false
4;bluetooth;syndicate;Mississippi Refined Rubber Chicken Table;2019-11-03;false
5;Usability South Dakota envisioneer;Intelligent;Monitored Bahamian Dollar Investment Account;2019-11-02;false
6;Regional;Tuna;hardware Costa Rica Mayotte;2019-11-03;false
7;synthesizing Views e-enable;Credit Card Account National Awesome;Aruba;2019-11-02;false
8;scale interactive generating;Specialist Home Loan Account;Plastic;2019-11-02;false
9;Industrial;index orange;Jewelery;2019-11-03;true
10;application quantify Unbranded Plastic Tuna;Internal;Investment Account archive Fantastic Plastic Chicken;2019-11-03;true
